Sp,Type,Obs,cloud,avgdiam,gramforb,slope,perm,snow,sum.days.over.21
COPI,Indiv,0,10,30,6,0.514499545,67.98396301,577.7645264,15
COPI,Scat,0,10,30,6,0.514499545,67.98396301,577.7645264,15
COPI,Vocal,0,10,30,6,0.514499545,67.98396301,577.7645264,15
COPI,Haypile,0,10,30,6,0.514499545,67.98396301,577.7645264,15
COPI,Indiv,0,30,10,6,0.441929877,27.85393906,566.6515503,18
COPI,Scat,0,30,10,6,0.441929877,27.85393906,566.6515503,18
COPI,Vocal,0,30,10,6,0.441929877,27.85393906,566.6515503,18
COPI,Haypile,0,30,10,6,0.441929877,27.85393906,566.6515503,18
COPI,Indiv,0,99,3,8,0.036912993,76.66056824,577.7645264,19
COPI,Scat,0,99,3,8,0.036912993,76.66056824,577.7645264,19
COPI,Vocal,0,99,3,8,0.036912993,76.66056824,577.7645264,19
COPI,Haypile,0,99,3,8,0.036912993,76.66056824,577.7645264,19
COPI,Indiv,0,90,22.5,8,0.441001058,27.47765923,568.6929932,15
COPI,Scat,0,90,22.5,8,0.441001058,27.47765923,568.6929932,15
COPI,Vocal,0,90,22.5,8,0.441001058,27.47765923,568.6929932,15
COPI,Haypile,0,90,22.5,8,0.441001058,27.47765923,568.6929932,15
COPI,Indiv,0,40,40,9,0.557169855,20.69056129,566.6515503,17
COPI,Scat,0,40,40,9,0.557169855,20.69056129,566.6515503,17
COPI,Vocal,0,40,40,9,0.557169855,20.69056129,566.6515503,17
COPI,Haypile,0,40,40,9,0.557169855,20.69056129,566.6515503,17
COPI,Indiv,0,85,10,7,0.508450389,39.96253586,583.6119995,15
COPI,Scat,0,85,10,7,0.508450389,39.96253586,583.6119995,15
COPI,Vocal,1,85,10,7,0.508450389,39.96253586,583.6119995,15
COPI,Haypile,0,85,10,7,0.508450389,39.96253586,583.6119995,15
COPI,Indiv,0,1,7.5,3,0.32154724,104,581.1414185,14
COPI,Scat,0,1,7.5,3,0.32154724,104,581.1414185,14
COPI,Vocal,0,1,7.5,3,0.32154724,104,581.1414185,14
COPI,Haypile,0,1,7.5,3,0.32154724,104,581.1414185,14
COPI,Indiv,0,100,15,6,0.626788676,80.92250061,601.8878174,17
COPI,Scat,0,100,15,6,0.626788676,80.92250061,601.8878174,17
COPI,Vocal,0,100,15,6,0.626788676,80.92250061,601.8878174,17
COPI,Haypile,0,100,15,6,0.626788676,80.92250061,601.8878174,17
COPI,Indiv,0,85,5,2,0.024288556,101.022789,583.6119995,18
COPI,Scat,NA,85,5,2,0.024288556,101.022789,583.6119995,18
COPI,Vocal,0,85,5,2,0.024288556,101.022789,583.6119995,18
COPI,Haypile,NA,85,5,2,0.024288556,101.022789,583.6119995,18
COPI,Indiv,0,65,10,9,0.335400939,15.78956318,601.8878174,16
COPI,Scat,0,65,10,9,0.335400939,15.78956318,601.8878174,16
COPI,Vocal,0,65,10,9,0.335400939,15.78956318,601.8878174,16
COPI,Haypile,0,65,10,9,0.335400939,15.78956318,601.8878174,16
COPI,Indiv,0,15,50,8,0.467101306,78.39675903,568.6929932,17
COPI,Scat,1,15,50,8,0.467101306,78.39675903,568.6929932,17
COPI,Vocal,0,15,50,8,0.467101306,78.39675903,568.6929932,17
COPI,Haypile,0,15,50,8,0.467101306,78.39675903,568.6929932,17
COPI,Indiv,0,30,5,6,0.502598464,31.94662476,585.5460815,16
COPI,Scat,0,30,5,6,0.502598464,31.94662476,585.5460815,16
COPI,Vocal,1,30,5,6,0.502598464,31.94662476,585.5460815,16
COPI,Haypile,0,30,5,6,0.502598464,31.94662476,585.5460815,16
COPI,Indiv,0,85,5,7,0.020935399,65.1902771,583.6119995,16
COPI,Scat,0,85,5,7,0.020935399,65.1902771,583.6119995,16
COPI,Vocal,0,85,5,7,0.020935399,65.1902771,583.6119995,16
COPI,Haypile,0,85,5,7,0.020935399,65.1902771,583.6119995,16
COPI,Indiv,0,80,5,7,0.365714133,104,581.1414185,15
COPI,Scat,0,80,5,7,0.365714133,104,581.1414185,15
COPI,Vocal,0,80,5,7,0.365714133,104,581.1414185,15
COPI,Haypile,0,80,5,7,0.365714133,104,581.1414185,15
COPI,Indiv,0,100,2,8,0.477544457,49.02074814,577.7645264,16
COPI,Scat,0,100,2,8,0.477544457,49.02074814,577.7645264,16
COPI,Vocal,0,100,2,8,0.477544457,49.02074814,577.7645264,16
COPI,Haypile,0,100,2,8,0.477544457,49.02074814,577.7645264,16
COPI,Indiv,0,40,5,7,0.48638773,5.442288399,583.2237549,14
COPI,Scat,0,40,5,7,0.48638773,5.442288399,583.2237549,14
COPI,Vocal,0,40,5,7,0.48638773,5.442288399,583.2237549,14
COPI,Haypile,0,40,5,7,0.48638773,5.442288399,583.2237549,14
COPI,Indiv,0,80,3,3,0.65205127,100.5537186,604.1850586,16
COPI,Scat,NA,80,3,3,0.65205127,100.5537186,604.1850586,16
COPI,Vocal,0,80,3,3,0.65205127,100.5537186,604.1850586,16
COPI,Haypile,NA,80,3,3,0.65205127,100.5537186,604.1850586,16
COPI,Indiv,0,75,1,5,0.03092749,93.13404083,601.8878174,15
COPI,Scat,0,75,1,5,0.03092749,93.13404083,601.8878174,15
COPI,Vocal,0,75,1,5,0.03092749,93.13404083,601.8878174,15
COPI,Haypile,0,75,1,5,0.03092749,93.13404083,601.8878174,15
COPI,Indiv,0,75,20,6,0.563928962,50.57508469,577.7645264,14
COPI,Scat,1,75,20,6,0.563928962,50.57508469,577.7645264,14
COPI,Vocal,0,75,20,6,0.563928962,50.57508469,577.7645264,14
COPI,Haypile,0,75,20,6,0.563928962,50.57508469,577.7645264,14
COPI,Indiv,0,75,10,8,0.482699871,7.506406784,577.7645264,14
COPI,Scat,0,75,10,8,0.482699871,7.506406784,577.7645264,14
COPI,Vocal,1,75,10,8,0.482699871,7.506406784,577.7645264,14
COPI,Haypile,0,75,10,8,0.482699871,7.506406784,577.7645264,14
COPI,Indiv,0,85,20,6,0.533782959,42.93880844,577.7645264,14
COPI,Scat,0,85,20,6,0.533782959,42.93880844,577.7645264,14
COPI,Vocal,0,85,20,6,0.533782959,42.93880844,577.7645264,14
COPI,Haypile,0,85,20,6,0.533782959,42.93880844,577.7645264,14
COPI,Indiv,0,85,4,5,0.136366382,104,583.2237549,13
COPI,Scat,NA,85,4,5,0.136366382,104,583.2237549,13
COPI,Vocal,1,85,4,5,0.136366382,104,583.2237549,13
COPI,Haypile,NA,85,4,5,0.136366382,104,583.2237549,13
COPI,Indiv,0,95,NA,2,0.018330712,2.485929966,582.0352173,17
COPI,Scat,0,95,NA,2,0.018330712,2.485929966,582.0352173,17
COPI,Vocal,0,95,NA,2,0.018330712,2.485929966,582.0352173,17
COPI,Haypile,0,95,NA,2,0.018330712,2.485929966,582.0352173,17
COPI,Indiv,0,80,30,6,0.469789177,104,577.7645264,9
COPI,Scat,0,80,30,6,0.469789177,104,577.7645264,9
COPI,Vocal,0,80,30,6,0.469789177,104,577.7645264,9
COPI,Haypile,0,80,30,6,0.469789177,104,577.7645264,9
COPI,Indiv,0,70,60,2,0.622602165,104,577.7645264,9
COPI,Scat,0,70,60,2,0.622602165,104,577.7645264,9
COPI,Vocal,1,70,60,2,0.622602165,104,577.7645264,9
COPI,Haypile,0,70,60,2,0.622602165,104,577.7645264,9
COPI,Indiv,0,50,5,3,0.696598947,104,581.1414185,15
COPI,Scat,0,50,5,3,0.696598947,104,581.1414185,15
COPI,Vocal,0,50,5,3,0.696598947,104,581.1414185,15
COPI,Haypile,0,50,5,3,0.696598947,104,581.1414185,15
COPI,Indiv,0,100,50,6,0.493843436,79.11937714,601.8878174,13
COPI,Scat,2,100,50,6,0.493843436,79.11937714,601.8878174,13
COPI,Vocal,1,100,50,6,0.493843436,79.11937714,601.8878174,13
COPI,Haypile,0,100,50,6,0.493843436,79.11937714,601.8878174,13
COPI,Indiv,0,15,3,2,0.618944764,104,604.1850586,17
COPI,Scat,NA,15,3,2,0.618944764,104,604.1850586,17
COPI,Vocal,0,15,3,2,0.618944764,104,604.1850586,17
COPI,Haypile,NA,15,3,2,0.618944764,104,604.1850586,17
COPI,Indiv,0,65,70,9,0.528331518,22.48359299,583.6119995,16
COPI,Scat,0,65,70,9,0.528331518,22.48359299,583.6119995,16
COPI,Vocal,0,65,70,9,0.528331518,22.48359299,583.6119995,16
COPI,Haypile,0,65,70,9,0.528331518,22.48359299,583.6119995,16
COPI,Indiv,0,0,60,8,0.472923368,55.56414795,568.6929932,8
COPI,Scat,0,0,60,8,0.472923368,55.56414795,568.6929932,8
COPI,Vocal,1,0,60,8,0.472923368,55.56414795,568.6929932,8
COPI,Haypile,0,0,60,8,0.472923368,55.56414795,568.6929932,8
COPI,Indiv,0,5,80,5,0.685290337,104,568.6929932,8
COPI,Scat,1,5,80,5,0.685290337,104,568.6929932,8
COPI,Vocal,1,5,80,5,0.685290337,104,568.6929932,8
COPI,Haypile,0,5,80,5,0.685290337,104,568.6929932,8
COPI,Indiv,0,5,80,6,0.449230522,95.16711426,568.6929932,8
COPI,Scat,0,5,80,6,0.449230522,95.16711426,568.6929932,8
COPI,Vocal,0,5,80,6,0.449230522,95.16711426,568.6929932,8
COPI,Haypile,0,5,80,6,0.449230522,95.16711426,568.6929932,8
COPI,Indiv,0,95,6,2,0.659336984,104,604.1850586,12
COPI,Scat,0,95,6,2,0.659336984,104,604.1850586,12
COPI,Vocal,0,95,6,2,0.659336984,104,604.1850586,12
COPI,Haypile,0,95,6,2,0.659336984,104,604.1850586,12
COPI,Indiv,0,20,10,6,0.631916225,86.3393631,585.5460815,16
COPI,Scat,0,20,10,6,0.631916225,86.3393631,585.5460815,16
COPI,Vocal,0,20,10,6,0.631916225,86.3393631,585.5460815,16
COPI,Haypile,0,20,10,6,0.631916225,86.3393631,585.5460815,16
COPI,Indiv,0,25,15,3,0.254919231,104,568.6929932,7
COPI,Scat,0,25,15,3,0.254919231,104,568.6929932,7
COPI,Vocal,0,25,15,3,0.254919231,104,568.6929932,7
COPI,Haypile,0,25,15,3,0.254919231,104,568.6929932,7
COPI,Indiv,0,5,5,2,0.602783084,104,581.1414185,13
COPI,Scat,0,5,5,2,0.602783084,104,581.1414185,13
COPI,Vocal,1,5,5,2,0.602783084,104,581.1414185,13
COPI,Haypile,0,5,5,2,0.602783084,104,581.1414185,13
COPI,Indiv,0,90,1,10,0.238267943,17.08905792,598.8708496,12
COPI,Scat,0,90,1,10,0.238267943,17.08905792,598.8708496,12
COPI,Vocal,0,90,1,10,0.238267943,17.08905792,598.8708496,12
COPI,Haypile,0,90,1,10,0.238267943,17.08905792,598.8708496,12
COPI,Indiv,0,40,2,3,0.587533236,104,601.8878174,15
COPI,Scat,0,40,2,3,0.587533236,104,601.8878174,15
COPI,Vocal,0,40,2,3,0.587533236,104,601.8878174,15
COPI,Haypile,0,40,2,3,0.587533236,104,601.8878174,15
COPI,Indiv,0,50,15,5,0.454868406,104,601.8878174,15
COPI,Scat,0,50,15,5,0.454868406,104,601.8878174,15
COPI,Vocal,0,50,15,5,0.454868406,104,601.8878174,15
COPI,Haypile,0,50,15,5,0.454868406,104,601.8878174,15
COPI,Indiv,0,70,2,3,0.428510845,104,604.1850586,11
COPI,Scat,0,70,2,3,0.428510845,104,604.1850586,11
COPI,Vocal,0,70,2,3,0.428510845,104,604.1850586,11
COPI,Haypile,0,70,2,3,0.428510845,104,604.1850586,11
COPI,Indiv,0,95,3,6,0.438929886,81.06851196,581.1414185,14
COPI,Scat,0,95,3,6,0.438929886,81.06851196,581.1414185,14
COPI,Vocal,0,95,3,6,0.438929886,81.06851196,581.1414185,14
COPI,Haypile,0,95,3,6,0.438929886,81.06851196,581.1414185,14
COPI,Indiv,0,10,3,3,0.645077825,103.1622314,585.5460815,16
COPI,Scat,1,10,3,3,0.645077825,103.1622314,585.5460815,16
COPI,Vocal,0,10,3,3,0.645077825,103.1622314,585.5460815,16
COPI,Haypile,0,10,3,3,0.645077825,103.1622314,585.5460815,16
COPI,Indiv,0,75,3,8,0.242757365,104,601.8878174,15
COPI,Scat,0,75,3,8,0.242757365,104,601.8878174,15
COPI,Vocal,0,75,3,8,0.242757365,104,601.8878174,15
COPI,Haypile,0,75,3,8,0.242757365,104,601.8878174,15
COPI,Indiv,0,5,3,1,0.503297806,104,604.1850586,17
COPI,Scat,NA,5,3,1,0.503297806,104,604.1850586,17
COPI,Vocal,1,5,3,1,0.503297806,104,604.1850586,17
COPI,Haypile,NA,5,3,1,0.503297806,104,604.1850586,17
COPI,Indiv,0,100,10,3,0.44554764,104,577.7645264,11
COPI,Scat,0,100,10,3,0.44554764,104,577.7645264,11
COPI,Vocal,0,100,10,3,0.44554764,104,577.7645264,11
COPI,Haypile,0,100,10,3,0.44554764,104,577.7645264,11
COPI,Indiv,0,1,12.5,3,0.52591908,103.7380219,604.1850586,18
COPI,Scat,NA,1,12.5,3,0.52591908,103.7380219,604.1850586,18
COPI,Vocal,1,1,12.5,3,0.52591908,103.7380219,604.1850586,18
COPI,Haypile,NA,1,12.5,3,0.52591908,103.7380219,604.1850586,18
COPI,Indiv,0,100,10,1,0.451921552,104,568.6929932,9
COPI,Scat,0,100,10,1,0.451921552,104,568.6929932,9
COPI,Vocal,0,100,10,1,0.451921552,104,568.6929932,9
COPI,Haypile,0,100,10,1,0.451921552,104,568.6929932,9
COPI,Indiv,0,100,3,3,0.683332205,104,581.1414185,14
COPI,Scat,NA,100,3,3,0.683332205,104,581.1414185,14
COPI,Vocal,0,100,3,3,0.683332205,104,581.1414185,14
COPI,Haypile,NA,100,3,3,0.683332205,104,581.1414185,14
COPI,Indiv,1,70,40,3,0.327583879,104,601.8878174,15
COPI,Scat,0,70,40,3,0.327583879,104,601.8878174,15
COPI,Vocal,1,70,40,3,0.327583879,104,601.8878174,15
COPI,Haypile,0,70,40,3,0.327583879,104,601.8878174,15
COPI,Indiv,0,100,50,2,0.541517377,104,568.6929932,8
COPI,Scat,0,100,50,2,0.541517377,104,568.6929932,8
COPI,Vocal,0,100,50,2,0.541517377,104,568.6929932,8
COPI,Haypile,0,100,50,2,0.541517377,104,568.6929932,8
COPI,Indiv,0,70,11,6,0.459192336,10.93584633,566.6515503,17
COPI,Scat,0,70,11,6,0.459192336,10.93584633,566.6515503,17
COPI,Vocal,0,70,11,6,0.459192336,10.93584633,566.6515503,17
COPI,Haypile,0,70,11,6,0.459192336,10.93584633,566.6515503,17
COPI,Indiv,0,100,NA,4,0.510748982,28.03882408,560.0848999,15
COPI,Scat,NA,100,NA,4,0.510748982,28.03882408,560.0848999,15
COPI,Vocal,0,100,NA,4,0.510748982,28.03882408,560.0848999,15
COPI,Haypile,NA,100,NA,4,0.510748982,28.03882408,560.0848999,15
COPI,Indiv,0,100,20,4,0.487946719,41.29102707,565.6580811,18
COPI,Scat,NA,100,20,4,0.487946719,41.29102707,565.6580811,18
COPI,Vocal,0,100,20,4,0.487946719,41.29102707,565.6580811,18
COPI,Haypile,NA,100,20,4,0.487946719,41.29102707,565.6580811,18
COPI,Indiv,0,40,15,7,0.512043178,73.86471558,577.7645264,14
COPI,Scat,0,40,15,7,0.512043178,73.86471558,577.7645264,14
COPI,Vocal,0,40,15,7,0.512043178,73.86471558,577.7645264,14
COPI,Haypile,0,40,15,7,0.512043178,73.86471558,577.7645264,14
COPI,Indiv,0,100,5,2,0.57624507,34.92366028,604.1850586,15
COPI,Scat,0,100,5,2,0.57624507,34.92366028,604.1850586,15
COPI,Vocal,0,100,5,2,0.57624507,34.92366028,604.1850586,15
COPI,Haypile,0,100,5,2,0.57624507,34.92366028,604.1850586,15
COPI,Indiv,0,100,10,5,0.502055526,30.38487816,601.8878174,16
COPI,Scat,0,100,10,5,0.502055526,30.38487816,601.8878174,16
COPI,Vocal,0,100,10,5,0.502055526,30.38487816,601.8878174,16
COPI,Haypile,0,100,10,5,0.502055526,30.38487816,601.8878174,16
COPI,Indiv,0,45,50,8,0.544538915,13.68316746,577.7645264,12
COPI,Scat,0,45,50,8,0.544538915,13.68316746,577.7645264,12
COPI,Vocal,1,45,50,8,0.544538915,13.68316746,577.7645264,12
COPI,Haypile,0,45,50,8,0.544538915,13.68316746,577.7645264,12
COPI,Indiv,0,100,20,4,0.551492512,16.51456833,591.3189697,16
COPI,Scat,0,100,20,4,0.551492512,16.51456833,591.3189697,16
COPI,Vocal,0,100,20,4,0.551492512,16.51456833,591.3189697,16
COPI,Haypile,0,100,20,4,0.551492512,16.51456833,591.3189697,16
COPI,Indiv,0,60,2,2,0.833452463,100.0809708,583.2237549,14
COPI,Scat,NA,60,2,2,0.833452463,100.0809708,583.2237549,14
COPI,Vocal,0,60,2,2,0.833452463,100.0809708,583.2237549,14
COPI,Haypile,NA,60,2,2,0.833452463,100.0809708,583.2237549,14
COPI,Indiv,0,100,30,10,0.550895572,10.97862911,577.7645264,19
COPI,Scat,2,100,30,10,0.550895572,10.97862911,577.7645264,19
COPI,Vocal,1,100,30,10,0.550895572,10.97862911,577.7645264,19
COPI,Haypile,0,100,30,10,0.550895572,10.97862911,577.7645264,19
COPI,Indiv,0,100,3,4,0.533588767,32.18488693,585.5460815,15
COPI,Scat,0,100,3,4,0.533588767,32.18488693,585.5460815,15
COPI,Vocal,0,100,3,4,0.533588767,32.18488693,585.5460815,15
COPI,Haypile,0,100,3,4,0.533588767,32.18488693,585.5460815,15
COPI,Indiv,0,100,0.2,5,0.400073171,41.4341774,601.8878174,18
COPI,Scat,0,100,0.2,5,0.400073171,41.4341774,601.8878174,18
COPI,Vocal,0,100,0.2,5,0.400073171,41.4341774,601.8878174,18
COPI,Haypile,0,100,0.2,5,0.400073171,41.4341774,601.8878174,18
COPI,Indiv,0,10,2,2,0.628627419,104,581.1414185,13
COPI,Scat,NA,10,2,2,0.628627419,104,581.1414185,13
COPI,Vocal,0,10,2,2,0.628627419,104,581.1414185,13
COPI,Haypile,NA,10,2,2,0.628627419,104,581.1414185,13
COPI,Indiv,0,90,2,5,0.638800263,104,585.5460815,14
COPI,Scat,0,90,2,5,0.638800263,104,585.5460815,14
COPI,Vocal,0,90,2,5,0.638800263,104,585.5460815,14
COPI,Haypile,0,90,2,5,0.638800263,104,585.5460815,14
COPI,Indiv,0,75,5,4,0.603817761,39.13542557,601.8878174,15
COPI,Scat,0,75,5,4,0.603817761,39.13542557,601.8878174,15
COPI,Vocal,0,75,5,4,0.603817761,39.13542557,601.8878174,15
COPI,Haypile,0,75,5,4,0.603817761,39.13542557,601.8878174,15
COPI,Indiv,0,20,10,8,0.542961061,22.29864883,583.6928101,17
COPI,Scat,0,20,10,8,0.542961061,22.29864883,583.6928101,17
COPI,Vocal,0,20,10,8,0.542961061,22.29864883,583.6928101,17
COPI,Haypile,0,20,10,8,0.542961061,22.29864883,583.6928101,17
COPI,Indiv,0,100,3,4,0.651679873,104,581.1414185,15
COPI,Scat,NA,100,3,4,0.651679873,104,581.1414185,15
COPI,Vocal,0,100,3,4,0.651679873,104,581.1414185,15
COPI,Haypile,NA,100,3,4,0.651679873,104,581.1414185,15
COPI,Indiv,0,95,2,9,0.424053431,9.793392181,583.6119995,14
COPI,Scat,0,95,2,9,0.424053431,9.793392181,583.6119995,14
COPI,Vocal,0,95,2,9,0.424053431,9.793392181,583.6119995,14
COPI,Haypile,0,95,2,9,0.424053431,9.793392181,583.6119995,14
COPI,Indiv,1,95,60,4,0.679415941,48.13653946,568.6929932,9
COPI,Scat,2,95,60,4,0.679415941,48.13653946,568.6929932,9
COPI,Vocal,1,95,60,4,0.679415941,48.13653946,568.6929932,9
COPI,Haypile,0,95,60,4,0.679415941,48.13653946,568.6929932,9
COPI,Indiv,0,100,40,6,0.381694764,21.13029861,568.6929932,8
COPI,Scat,0,100,40,6,0.381694764,21.13029861,568.6929932,8
COPI,Vocal,0,100,40,6,0.381694764,21.13029861,568.6929932,8
COPI,Haypile,0,100,40,6,0.381694764,21.13029861,568.6929932,8
COPI,Indiv,0,15,12.5,4,0.575503051,1.40014267,583.6119995,17
COPI,Scat,NA,15,12.5,4,0.575503051,1.40014267,583.6119995,17
COPI,Vocal,0,15,12.5,4,0.575503051,1.40014267,583.6119995,17
COPI,Haypile,NA,15,12.5,4,0.575503051,1.40014267,583.6119995,17
COPI,Indiv,0,80,15,8,0.708142996,90.3678894,585.5460815,16
COPI,Scat,0,80,15,8,0.708142996,90.3678894,585.5460815,16
COPI,Vocal,0,80,15,8,0.708142996,90.3678894,585.5460815,16
COPI,Haypile,0,80,15,8,0.708142996,90.3678894,585.5460815,16
COPI,Indiv,0,100,10,3,0.38308832,104,601.8878174,13
COPI,Scat,0,100,10,3,0.38308832,104,601.8878174,13
COPI,Vocal,0,100,10,3,0.38308832,104,601.8878174,13
COPI,Haypile,0,100,10,3,0.38308832,104,601.8878174,13
COPI,Indiv,0,10,3,1,0.652466714,104,604.1850586,11
COPI,Scat,NA,10,3,1,0.652466714,104,604.1850586,11
COPI,Vocal,0,10,3,1,0.652466714,104,604.1850586,11
COPI,Haypile,NA,10,3,1,0.652466714,104,604.1850586,11
COPI,Indiv,0,90,10,2,0.622590721,103.7191086,585.5460815,14
COPI,Scat,0,90,10,2,0.622590721,103.7191086,585.5460815,14
COPI,Vocal,0,90,10,2,0.622590721,103.7191086,585.5460815,14
COPI,Haypile,0,90,10,2,0.622590721,103.7191086,585.5460815,14
COPI,Indiv,0,10,30,6,0.442061454,104,577.7645264,11
COPI,Scat,1,10,30,6,0.442061454,104,577.7645264,11
COPI,Vocal,0,10,30,6,0.442061454,104,577.7645264,11
COPI,Haypile,0,10,30,6,0.442061454,104,577.7645264,11
COPI,Indiv,0,55,2,5,0.340958446,104,583.6119995,14
COPI,Scat,0,55,2,5,0.340958446,104,583.6119995,14
COPI,Vocal,0,55,2,5,0.340958446,104,583.6119995,14
COPI,Haypile,0,55,2,5,0.340958446,104,583.6119995,14
COPI,Indiv,0,80,10,NA,0.750945091,82.84656525,585.5460815,16
COPI,Scat,NA,80,10,NA,0.750945091,82.84656525,585.5460815,16
COPI,Vocal,0,80,10,NA,0.750945091,82.84656525,585.5460815,16
COPI,Haypile,NA,80,10,NA,0.750945091,82.84656525,585.5460815,16
COPI,Indiv,0,85,5,3,0.339217722,104,601.8878174,15
COPI,Scat,0,85,5,3,0.339217722,104,601.8878174,15
COPI,Vocal,0,85,5,3,0.339217722,104,601.8878174,15
COPI,Haypile,0,85,5,3,0.339217722,104,601.8878174,15
COPI,Indiv,0,20,30,4,0.519579768,103.8512421,585.5460815,17
COPI,Scat,0,20,30,4,0.519579768,103.8512421,585.5460815,17
COPI,Vocal,0,20,30,4,0.519579768,103.8512421,585.5460815,17
COPI,Haypile,0,20,30,4,0.519579768,103.8512421,585.5460815,17
COPI,Indiv,0,80,2,0,0.588942528,104,583.6119995,12
COPI,Scat,NA,80,2,0,0.588942528,104,583.6119995,12
COPI,Vocal,0,80,2,0,0.588942528,104,583.6119995,12
COPI,Haypile,NA,80,2,0,0.588942528,104,583.6119995,12
COPI,Indiv,0,65,10,2,0.480416924,104,601.8878174,15
COPI,Scat,0,65,10,2,0.480416924,104,601.8878174,15
COPI,Vocal,0,65,10,2,0.480416924,104,601.8878174,15
COPI,Haypile,0,65,10,2,0.480416924,104,601.8878174,15
COPI,Indiv,0,10,7.5,2,0.66477567,104,583.6119995,13
COPI,Scat,0,10,7.5,2,0.66477567,104,583.6119995,13
COPI,Vocal,0,10,7.5,2,0.66477567,104,583.6119995,13
COPI,Haypile,0,10,7.5,2,0.66477567,104,583.6119995,13
COPI,Indiv,0,0,1,1,0.60679543,104,604.1850586,18
COPI,Scat,NA,0,1,1,0.60679543,104,604.1850586,18
COPI,Vocal,0,0,1,1,0.60679543,104,604.1850586,18
COPI,Haypile,NA,0,1,1,0.60679543,104,604.1850586,18
COPI,Indiv,0,5,12.5,5,0.427852988,104,568.6929932,8
COPI,Scat,1,5,12.5,5,0.427852988,104,568.6929932,8
COPI,Vocal,0,5,12.5,5,0.427852988,104,568.6929932,8
COPI,Haypile,0,5,12.5,5,0.427852988,104,568.6929932,8
COPI,Indiv,0,50,15,3,0.596895754,104,601.8878174,15
COPI,Scat,0,50,15,3,0.596895754,104,601.8878174,15
COPI,Vocal,0,50,15,3,0.596895754,104,601.8878174,15
COPI,Haypile,0,50,15,3,0.596895754,104,601.8878174,15
